codigo_provincia,provincia,codigo_canton,canton,fuente,ruta_logica,id_rpa,dato_clave,fecha_extraccion,sectores_agricultura_ganaderia_silvicultura_pesca,sectores_explotacion_minas_canteras,sectores_manufactura,sectores_suministro_electricidad_agua,sectores_construccion,sectores_comercio,sectores_transporte_informacion_comunicaciones,sectores_alojamiento_servicios_comida,sectores_actividades_financieras,sectores_actividades_profesionales_inmobiliarias,sectores_administracion_publica,sectores_ensenanza,sectores_salud,sectores_otros_servicios,sectores_economia_total
19,ZAMORA CHINCHIPE,1903,Nangaritza,Banco Central del Ecuador,BCE/CUENTAS_NACIONALES/VAB_CANTONAL,39957,SIN_ANIO_1903,2026-07-09,522.44,2191.46,65.68,112.26,248.7,722.01,327.2,20.7,577.24,820.46,9951.89,1918.98,26.82,100.95,17606.79
19,ZAMORA CHINCHIPE,1904,YacuambÃ­,Banco Central del Ecuador,BCE/CUENTAS_NACIONALES/VAB_CANTONAL,39958,SIN_ANIO_1904,2026-07-09,198.23,38.31,29.21,69.58,231.61,181.61,121.4,9.07,428.24,564.03,8453.08,1536.0,12.98,40.15,11913.5
19,ZAMORA CHINCHIPE,1905,Yanzatza,Banco Central del Ecuador,BCE/CUENTAS_NACIONALES/VAB_CANTONAL,39959,SIN_ANIO_1905,2026-07-09,1712.88,416915.07,1127.6,1410.01,34731.41,18582.01,20025.44,1762.22,4960.11,10068.74,35107.73,6538.05,3736.75,992.88,557670.9
19,ZAMORA CHINCHIPE,1906,El Pangui,Banco Central del Ecuador,BCE/CUENTAS_NACIONALES/VAB_CANTONAL,39960,SIN_ANIO_1906,2026-07-09,4353.9,749130.44,1883.24,31339.43,6312.88,8215.71,18318.98,424.36,1932.72,5575.36,19323.6,3236.84,121.28,466.6,850635.3399999999
19,ZAMORA CHINCHIPE,1907,Centinela Del CÃ³ndor,Banco Central del Ecuador,BCE/CUENTAS_NACIONALES/VAB_CANTONAL,39961,SIN_ANIO_1907,2026-07-09,233.89,397.66,60.49,184.21,501.69,1615.08,1218.34,52.54,939.61,2090.52,9428.57,1530.26,19.34,205.6,18477.799999999996
19,ZAMORA CHINCHIPE,1908,Palanda,Banco Central del Ecuador,BCE/CUENTAS_NACIONALES/VAB_CANTONAL,39962,SIN_ANIO_1908,2026-07-09,749.76,51.16,31.3,129.12,831.67,1509.68,182.2,21.09,622.95,1443.87,12253.77,2168.28,69.62,108.93,20173.399999999998
19,ZAMORA CHINCHIPE,1909,Paquisha,Banco Central del Ecuador,BCE/CUENTAS_NACIONALES/VAB_CANTONAL,39963,SIN_ANIO_1909,2026-07-09,163.45,2204.45,16.85,212.47,459.23,787.02,509.16,14.66,389.21,1338.4,9731.47,1294.9,274.57,101.32,17497.16
20,GALÃPAGOS,2001,San CristÃ³bal,Banco Central del Ecuador,BCE/CUENTAS_NACIONALES/VAB_CANTONAL,39964,SIN_ANIO_2001,2026-07-09,5119.96,0.0,497.83,1511.03,2062.23,4065.37,7068.25,4241.58,2031.54,14411.78,18274.11,1870.05,2417.2,867.21,64438.14
08,ESMERALDAS,0806,Atacames,Banco Central del Ecuador,BCE/CUENTAS_NACIONALES/VAB_CANTONAL,39833,SIN_ANIO_0806,2026-07-09,3443.1,0.0,607.09,2570.46,2968.52,20401.13,764.49,2898.92,1323.72,6159.5,28607.98,13716.53,2083.75,2523.19,88068.38
08,ESMERALDAS,0807,Rioverde,Banco Central del Ecuador,BCE/CUENTAS_NACIONALES/VAB_CANTONAL,39834,SIN_ANIO_0807,2026-07-09,11760.91,0.0,108.21,634.86,3903.42,5071.6,203.08,375.95,457.41,709.47,14347.99,8051.89,614.72,518.3,46757.810000000005
09,GUAYAS,0901,Guayaquil,Banco Central del Ecuador,BCE/CUENTAS_NACIONALES/VAB_CANTONAL,39835,SIN_ANIO_0901,2026-07-09,1275595.03,117178.46,4971831.49,419079.07,1145031.2,5288872.28,2610630.14,440336.24,1182931.9,5872073.8,1107505.99,975952.43,1445214.56,326639.35,27178871.94
09,GUAYAS,0902,Alfredo Baquerizo Moreno,Banco Central del Ecuador,BCE/CUENTAS_NACIONALES/VAB_CANTONAL,39836,SIN_ANIO_0902,2026-07-09,38420.26,0.0,3057.19,892.23,945.31,7470.26,621.33,419.06,430.22,2141.29,7140.86,3882.35,295.13,259.85,65975.34000000001
13,MANABÃ,1301,Portoviejo,Banco Central del Ecuador,BCE/CUENTAS_NACIONALES/VAB_CANTONAL,39895,SIN_ANIO_1301,2026-07-09,17150.08,158.89,27715.53,21489.05,69433.9,248387.95,30199.01,15726.49,40838.07,145583.64,169694.04,222944.48,210403.71,25033.52,1244758.36
13,MANABÃ,1302,BolÃ­var,Banco Central del Ecuador,BCE/CUENTAS_NACIONALES/VAB_CANTONAL,39896,SIN_ANIO_1302,2026-07-09,7124.4,0.0,842.91,3189.9,3276.99,18104.25,1516.2,365.78,2166.79,4402.34,15363.04,24325.46,2172.32,1223.04,84073.42
13,MANABÃ,1303,Chone,Banco Central del Ecuador,BCE/CUENTAS_NACIONALES/VAB_CANTONAL,39897,SIN_ANIO_1303,2026-07-09,41247.82,0.0,2698.87,4581.75,13988.55,58626.19,12004.96,1948.38,6713.31,9722.35,60024.26,30696.54,11463.25,6878.26,260594.49000000005
10,IMBABURA,1002,Antonio Ante,Banco Central del Ecuador,BCE/CUENTAS_NACIONALES/VAB_CANTONAL,39861,SIN_ANIO_1002,2026-07-09,3615.0,38.4,26992.9,2257.63,9490.99,23600.77,6088.8,1931.9,9103.36,9987.47,23674.27,10365.89,1555.56,3308.45,132011.39
10,IMBABURA,1003,Cotacachi,Banco Central del Ecuador,BCE/CUENTAS_NACIONALES/VAB_CANTONAL,39862,SIN_ANIO_1003,2026-07-09,74587.67,3843.96,2098.07,7378.73,6824.26,5749.39,3258.38,994.25,6046.68,5476.42,26115.29,11746.46,1873.23,1987.7,157980.49000000002
10,IMBABURA,1004,Otavalo,Banco Central del Ecuador,BCE/CUENTAS_NACIONALES/VAB_CANTONAL,39863,SIN_ANIO_1004,2026-07-09,17650.73,13697.24,110551.23,6550.0,25472.23,35421.26,16429.14,3511.9,15410.22,13986.93,53338.99,42758.85,5791.29,7385.36,367955.36999999994
10,IMBABURA,1005,Pimampiro,Banco Central del Ecuador,BCE/CUENTAS_NACIONALES/VAB_CANTONAL,39864,SIN_ANIO_1005,2026-07-09,1780.16,0.0,355.56,353.53,736.08,1580.92,646.22,50.72,1094.02,487.66,9317.17,2689.33,76.89,203.49,19371.750000000004
09,GUAYAS,0911,Naranjal,Banco Central del Ecuador,BCE/CUENTAS_NACIONALES/VAB_CANTONAL,39845,SIN_ANIO_0911,2026-07-09,175808.76,94.2,27662.07,7022.26,8930.92,44295.45,5972.44,2306.07,2807.39,25239.07,33150.43,17738.52,2392.85,1615.43,355035.86000000004
09,GUAYAS,0912,Naranjito,Banco Central del Ecuador,BCE/CUENTAS_NACIONALES/VAB_CANTONAL,39846,SIN_ANIO_0912,2026-07-09,31464.85,0.0,1150.07,2450.58,3001.67,12195.12,5288.81,1187.24,1801.06,5362.66,13627.12,8559.56,452.31,737.74,87278.79
09,GUAYAS,0913,Palestina,Banco Central del Ecuador,BCE/CUENTAS_NACIONALES/VAB_CANTONAL,39847,SIN_ANIO_0913,2026-07-09,7425.31,0.0,1592.39,940.05,398.5,5490.83,369.87,188.63,214.13,1822.38,7776.8,3469.63,112.82,147.77,29949.110000000004
13,MANABÃ,1304,El Carmen,Banco Central del Ecuador,BCE/CUENTAS_NACIONALES/VAB_CANTONAL,39898,SIN_ANIO_1304,2026-07-09,131400.28,2.12,18512.18,4517.12,15429.85,105993.47,5586.74,2073.18,2655.5,11194.53,38659.73,32490.16,4176.86,4193.36,376885.07999999996
13,MANABÃ,1305,Flavio Alfaro,Banco Central del Ecuador,BCE/CUENTAS_NACIONALES/VAB_CANTONAL,39899,SIN_ANIO_1305,2026-07-09,6319.23,0.0,163.74,788.49,1753.35,7557.09,420.01,211.78,976.66,1253.29,16455.0,5965.01,1142.79,292.94,43299.380000000005
13,MANABÃ,1306,Jipijapa,Banco Central del Ecuador,BCE/CUENTAS_NACIONALES/VAB_CANTONAL,39900,SIN_ANIO_1306,2026-07-09,17493.96,0.0,984.71,2854.05,6299.17,18509.8,3633.03,1358.96,2250.3,7750.34,26478.41,47313.91,5036.36,1379.64,141342.64
18,TUNGURAHUA,1804,Mocha,Banco Central del Ecuador,BCE/CUENTAS_NACIONALES/VAB_CANTONAL,39949,SIN_ANIO_1804,2026-07-09,1717.5,0.0,542.41,344.62,258.27,3165.81,1147.1,251.19,503.62,285.91,4912.65,1054.74,35.68,66.01,14285.509999999998
18,TUNGURAHUA,1805,Patate,Banco Central del Ecuador,BCE/CUENTAS_NACIONALES/VAB_CANTONAL,39950,SIN_ANIO_1805,2026-07-09,11655.55,0.0,1317.26,397.84,1051.64,2690.4,636.36,340.52,1765.62,2061.36,8254.54,2039.28,442.15,855.61,33508.13
18,TUNGURAHUA,1806,Quero,Banco Central del Ecuador,BCE/CUENTAS_NACIONALES/VAB_CANTONAL,39951,SIN_ANIO_1806,2026-07-09,12189.04,1.49,651.55,390.07,253.85,4273.37,2641.54,159.02,1611.08,2744.09,8426.75,2858.97,336.64,332.41,36869.87000000001
10,IMBABURA,1006,San Miguel De UrcuquÃ­,Banco Central del Ecuador,BCE/CUENTAS_NACIONALES/VAB_CANTONAL,39865,SIN_ANIO_1006,2026-07-09,7543.39,162.69,673.34,593.36,1149.47,2310.19,1311.4,736.26,1052.83,3941.39,14476.77,7481.28,376.64,1457.04,43266.049999999996
11,LOJA,1101,Loja,Banco Central del Ecuador,BCE/CUENTAS_NACIONALES/VAB_CANTONAL,39866,SIN_ANIO_1101,2026-07-09,20102.6,4092.73,56101.41,13592.34,79427.79,190685.32,62647.89,10984.16,76293.04,130275.3,135641.95,451093.72,113629.0,40469.05,1385036.3
11,LOJA,1102,Calvas,Banco Central del Ecuador,BCE/CUENTAS_NACIONALES/VAB_CANTONAL,39867,SIN_ANIO_1102,2026-07-09,3509.31,76.93,763.05,604.27,4947.79,6074.56,1193.08,329.67,13392.62,2722.93,14734.88,4465.9,934.29,702.69,54451.97
11,LOJA,1103,Catamayo,Banco Central del Ecuador,BCE/CUENTAS_NACIONALES/VAB_CANTONAL,39868,SIN_ANIO_1103,2026-07-09,14472.19,697.48,12192.09,1670.46,5679.22,17443.7,3857.15,625.34,5859.85,4123.04,19897.07,5658.96,625.2,2050.55,94852.3
18,TUNGURAHUA,1807,San Pedro De Pelileo,Banco Central del Ecuador,BCE/CUENTAS_NACIONALES/VAB_CANTONAL,39952,SIN_ANIO_1807,2026-07-09,22875.41,57.29,53715.87,2719.14,16378.8,38089.63,5303.76,657.17,7933.12,7750.58,25146.14,12061.13,4992.21,4627.69,202307.94000000003
18,TUNGURAHUA,1808,Santiago De PÃ­llaro,Banco Central del Ecuador,BCE/CUENTAS_NACIONALES/VAB_CANTONAL,39953,SIN_ANIO_1808,2026-07-09,10944.77,15.14,4922.59,4701.87,3531.15,10872.44,2527.51,582.84,7192.91,5943.14,22042.52,6996.41,1526.93,1022.15,82822.37
18,TUNGURAHUA,1809,Tisaleo,Banco Central del Ecuador,BCE/CUENTAS_NACIONALES/VAB_CANTONAL,39954,SIN_ANIO_1809,2026-07-09,19780.19,0.0,1612.59,425.74,4892.49,5450.43,1560.06,59.83,1119.45,1538.6,9136.78,1275.45,119.5,337.93,47309.03999999999
19,ZAMORA CHINCHIPE,1901,Zamora,Banco Central del Ecuador,BCE/CUENTAS_NACIONALES/VAB_CANTONAL,39955,SIN_ANIO_1901,2026-07-09,2184.07,6110.61,705.62,13084.92,9987.42,11491.38,4378.15,679.34,6578.69,11892.29,35026.53,7655.89,4866.45,5654.03,120295.38999999998
09,GUAYAS,0921,Playas (General Villamil),Banco Central del Ecuador,BCE/CUENTAS_NACIONALES/VAB_CANTONAL,39853,SIN_ANIO_0921,2026-07-09,3631.23,672.3,6896.09,4423.22,5946.3,32267.25,4943.9,4148.93,2103.67,6705.96,21335.56,14250.54,2179.81,1076.76,110581.52
09,GUAYAS,0922,SimÃ³n BolÃ­var,Banco Central del Ecuador,BCE/CUENTAS_NACIONALES/VAB_CANTONAL,39854,SIN_ANIO_0922,2026-07-09,17067.97,0.0,1812.37,905.76,980.91,16347.59,561.42,424.27,763.53,1494.22,13053.72,6628.98,161.84,364.15,60566.72999999999
19,ZAMORA CHINCHIPE,1902,Chinchipe,Banco Central del Ecuador,BCE/CUENTAS_NACIONALES/VAB_CANTONAL,39956,SIN_ANIO_1902,2026-07-09,2033.38,434.63,98.08,201.17,806.99,1394.35,222.65,37.93,911.59,1231.38,12740.23,2318.35,1016.13,266.33,23713.190000000002
24,SANTA ELENA,2402,La Libertad,Banco Central del Ecuador,BCE/CUENTAS_NACIONALES/VAB_CANTONAL,39981,SIN_ANIO_2402,2026-07-09,2677.57,85092.94,331089.89,5249.49,44326.98,87919.63,16334.77,4702.02,9263.5,26052.34,36757.57,65704.74,6393.34,6062.28,727627.0599999999
24,SANTA ELENA,2403,Salinas,Banco Central del Ecuador,BCE/CUENTAS_NACIONALES/VAB_CANTONAL,39982,SIN_ANIO_2403,2026-07-09,31205.82,187.75,16627.14,5625.79,8795.43,41473.49,5493.56,6910.69,3188.96,23279.49,56145.49,25356.78,17526.66,10613.74,252430.78999999998
09,GUAYAS,0923,Coronel Marcelino MaridueÃ±a,Banco Central del Ecuador,BCE/CUENTAS_NACIONALES/VAB_CANTONAL,39855,SIN_ANIO_0923,2026-07-09,57156.67,0.0,126717.49,9118.37,1348.63,2180.29,2876.89,109.22,777.12,4264.61,8693.35,3920.98,50.9,785.5,218000.02000000002
09,GUAYAS,0924,Lomas De Sargentillo,Banco Central del Ecuador,BCE/CUENTAS_NACIONALES/VAB_CANTONAL,39856,SIN_ANIO_0924,2026-07-09,901.09,0.0,8343.0,1815.94,1470.43,8735.85,311.44,254.94,455.19,1644.34,7710.53,5339.51,176.47,180.35,37339.079999999994
09,GUAYAS,0925,Nobol,Banco Central del Ecuador,BCE/CUENTAS_NACIONALES/VAB_CANTONAL,39857,SIN_ANIO_0925,2026-07-09,2894.64,147.75,34688.23,2923.09,1420.21,17686.66,7231.68,553.68,217.06,1798.38,10712.99,4982.0,232.33,560.03,86048.73000000001
09,GUAYAS,0927,General Antonio Elizalde,Banco Central del Ecuador,BCE/CUENTAS_NACIONALES/VAB_CANTONAL,39858,SIN_ANIO_0927,2026-07-09,2754.73,0.0,9310.86,804.36,4202.8,7223.45,1406.79,587.31,755.48,2269.69,8012.75,4170.9,1420.78,575.68,43495.58
09,GUAYAS,0914,Pedro Carbo,Banco Central del Ecuador,BCE/CUENTAS_NACIONALES/VAB_CANTONAL,39848,SIN_ANIO_0914,2026-07-09,14463.14,0.0,2654.44,1441.83,1546.0,15946.36,2985.75,408.65,2143.79,4438.91,18628.85,11005.78,2958.83,384.24,79006.57
09,GUAYAS,0916,SamborondÃ³n,Banco Central del Ecuador,BCE/CUENTAS_NACIONALES/VAB_CANTONAL,39849,SIN_ANIO_0916,2026-07-09,138130.9,1112.34,61973.08,30948.23,35248.23,301852.89,81990.64,55377.91,48848.7,536374.82,115061.92,105318.95,30055.8,88552.27,1630846.68
09,GUAYAS,0918,Santa LucÃ­a,Banco Central del Ecuador,BCE/CUENTAS_NACIONALES/VAB_CANTONAL,39850,SIN_ANIO_0918,2026-07-09,14029.06,61.32,24584.91,3216.33,1433.25,19361.17,661.83,454.2,203.2,2680.72,20670.05,7710.79,140.67,583.2,95790.69999999998
09,GUAYAS,0928,Isidro Ayora,Banco Central del Ecuador,BCE/CUENTAS_NACIONALES/VAB_CANTONAL,39859,SIN_ANIO_0928,2026-07-09,1331.37,163.58,5937.57,678.16,242.18,11743.77,662.14,102.12,200.99,889.74,7820.77,2946.13,23.51,137.43,32879.46
10,IMBABURA,1001,Ibarra,Banco Central del Ecuador,BCE/CUENTAS_NACIONALES/VAB_CANTONAL,39860,SIN_ANIO_1001,2026-07-09,27678.12,2834.71,69254.09,11951.66,74111.17,154517.52,49291.64,13503.08,60611.01,125321.39,114818.26,123999.51,58525.46,24314.01,910731.63
09,GUAYAS,0919,Salitre (Urbina Jado),Banco Central del Ecuador,BCE/CUENTAS_NACIONALES/VAB_CANTONAL,39851,SIN_ANIO_0919,2026-07-09,35081.97,0.0,4708.48,1479.15,2294.03,9990.01,666.12,391.4,580.73,3143.95,25910.32,11881.37,2071.78,319.89,98519.2
09,GUAYAS,0920,Yaguachi,Banco Central del Ecuador,BCE/CUENTAS_NACIONALES/VAB_CANTONAL,39852,SIN_ANIO_0920,2026-07-09,98138.46,4894.33,172970.5,8477.73,10483.72,109116.42,15838.92,1293.44,2374.24,9343.24,28144.91,15142.97,2593.51,8632.19,487444.5799999999
12,LOS RÃOS,1204,Puebloviejo,Banco Central del Ecuador,BCE/CUENTAS_NACIONALES/VAB_CANTONAL,39885,SIN_ANIO_1204,2026-07-09,170718.76,0.0,9423.25,2075.04,4253.91,22034.72,3109.48,330.31,1848.65,2891.46,19592.49,8298.78,243.47,1300.72,246121.04
12,LOS RÃOS,1205,Quevedo,Banco Central del Ecuador,BCE/CUENTAS_NACIONALES/VAB_CANTONAL,39886,SIN_ANIO_1205,2026-07-09,108939.97,6.45,105632.56,11914.91,65516.11,251102.31,36785.8,4588.68,23577.65,67718.99,72281.81,54873.75,34565.28,10784.17,848288.4400000003
12,LOS RÃOS,1206,Urdaneta,Banco Central del Ecuador,BCE/CUENTAS_NACIONALES/VAB_CANTONAL,39887,SIN_ANIO_1206,2026-07-09,62059.31,0.0,1507.73,1081.98,2005.94,10016.26,1257.25,193.35,770.8,1362.96,12938.02,6926.88,1325.59,369.99,101816.06000000003
12,LOS RÃOS,1207,Ventanas,Banco Central del Ecuador,BCE/CUENTAS_NACIONALES/VAB_CANTONAL,39888,SIN_ANIO_1207,2026-07-09,113456.38,0.0,8244.35,3991.74,12387.67,56509.33,6080.41,756.99,4779.34,8020.16,29727.21,17105.07,4230.98,2696.69,267986.32
12,LOS RÃOS,1208,Vinces,Banco Central del Ecuador,BCE/CUENTAS_NACIONALES/VAB_CANTONAL,39889,SIN_ANIO_1208,2026-07-09,142431.2,0.0,5265.83,2467.11,7611.88,26193.6,2038.9,545.74,2062.3,4877.8,26604.14,16459.18,2760.08,1277.84,240595.59999999992
12,LOS RÃOS,1209,Palenque,Banco Central del Ecuador,BCE/CUENTAS_NACIONALES/VAB_CANTONAL,39890,SIN_ANIO_1209,2026-07-09,62192.9,0.0,662.53,455.5,765.56,9275.29,92.27,110.72,130.62,325.91,8851.6,4580.63,80.45,196.67,87720.65000000001
12,LOS RÃOS,1210,Buena FÃ©,Banco Central del Ecuador,BCE/CUENTAS_NACIONALES/VAB_CANTONAL,39891,SIN_ANIO_1210,2026-07-09,150602.51,0.0,74185.34,5577.92,8257.62,44737.39,7640.93,1267.13,916.97,6220.48,22514.11,18138.27,1741.23,4020.49,345820.38999999996
12,LOS RÃOS,1211,Valencia,Banco Central del Ecuador,BCE/CUENTAS_NACIONALES/VAB_CANTONAL,39892,SIN_ANIO_1211,2026-07-09,285124.69,0.0,1359.85,1530.15,9686.26,22203.24,8187.65,855.34,2178.69,3746.6,20307.15,11424.39,1088.97,840.68,368533.66000000003
11,LOJA,1112,Sozoranga,Banco Central del Ecuador,BCE/CUENTAS_NACIONALES/VAB_CANTONAL,39877,SIN_ANIO_1112,2026-07-09,22.91,0.01,7.69,79.89,306.66,373.86,36.12,41.36,512.3,514.0,6674.2,787.07,0.08,20.86,9377.01
11,LOJA,1113,Zapotillo,Banco Central del Ecuador,BCE/CUENTAS_NACIONALES/VAB_CANTONAL,39878,SIN_ANIO_1113,2026-07-09,6069.63,258.97,890.72,439.52,2684.49,3204.8,211.59,103.79,633.69,1155.72,11485.64,2236.51,356.01,111.5,29842.579999999998
11,LOJA,1114,Pindal,Banco Central del Ecuador,BCE/CUENTAS_NACIONALES/VAB_CANTONAL,39879,SIN_ANIO_1114,2026-07-09,15093.49,9.16,542.43,182.84,2011.29,4386.36,454.11,89.91,803.55,421.03,6650.44,1674.68,6.81,154.08,32480.18
11,LOJA,1115,Quilanga,Banco Central del Ecuador,BCE/CUENTAS_NACIONALES/VAB_CANTONAL,39880,SIN_ANIO_1115,2026-07-09,738.85,0.05,5.33,63.39,378.49,182.36,22.09,8.09,209.98,557.4,5361.48,482.3,4.75,48.87,8063.43
11,LOJA,1116,Olmedo,Banco Central del Ecuador,BCE/CUENTAS_NACIONALES/VAB_CANTONAL,39881,SIN_ANIO_1116,2026-07-09,88.92,0.0,23.54,59.05,72.25,183.74,81.43,0.4,186.12,309.34,4995.82,627.37,1.7,2.52,6632.2
12,LOS RÃOS,1201,Babahoyo,Banco Central del Ecuador,BCE/CUENTAS_NACIONALES/VAB_CANTONAL,39882,SIN_ANIO_1201,2026-07-09,174409.36,27.16,79254.3,10412.45,29561.19,139045.99,17871.06,3443.21,15684.99,36918.02,47917.15,87134.91,48511.46,9243.32,699434.57
09,GUAYAS,0903,Balao,Banco Central del Ecuador,BCE/CUENTAS_NACIONALES/VAB_CANTONAL,39837,SIN_ANIO_0903,2026-07-09,49427.44,16.94,2256.54,1084.87,3878.23,5708.26,329.04,212.8,602.82,2260.68,9947.88,4387.73,133.9,424.27,80671.40000000001
09,GUAYAS,0904,Balzar,Banco Central del Ecuador,BCE/CUENTAS_NACIONALES/VAB_CANTONAL,39838,SIN_ANIO_0904,2026-07-09,41367.49,0.0,1994.79,1930.46,10558.57,19555.83,1377.8,834.78,828.99,5607.5,25114.52,12556.27,1394.38,628.58,123749.96000000002
12,LOS RÃOS,1202,Baba,Banco Central del Ecuador,BCE/CUENTAS_NACIONALES/VAB_CANTONAL,39883,SIN_ANIO_1202,2026-07-09,134846.88,0.0,1409.57,1031.39,2559.78,10063.2,361.78,239.39,760.05,4986.59,18754.89,7915.64,87.58,365.55,183382.29
12,LOS RÃOS,1203,Montalvo,Banco Central del Ecuador,BCE/CUENTAS_NACIONALES/VAB_CANTONAL,39884,SIN_ANIO_1203,2026-07-09,55407.06,485.22,3881.17,1038.74,6083.91,12049.8,1951.27,205.87,3423.01,1784.4,8396.81,5197.37,184.55,645.78,100734.95999999998
09,GUAYAS,0905,Colimes,Banco Central del Ecuador,BCE/CUENTAS_NACIONALES/VAB_CANTONAL,39839,SIN_ANIO_0905,2026-07-09,18881.38,155.42,684.04,672.53,1828.46,7402.83,5216.6,168.35,782.57,1260.44,10314.3,4379.87,47.57,44.84,51839.2
09,GUAYAS,0906,Daule,Banco Central del Ecuador,BCE/CUENTAS_NACIONALES/VAB_CANTONAL,39840,SIN_ANIO_0906,2026-07-09,46342.54,802.76,49826.91,26521.93,150485.94,199709.66,22802.03,28060.75,15752.67,144651.53,145300.49,39696.82,18959.55,23675.14,912588.7200000001
09,GUAYAS,0907,DurÃ¡n,Banco Central del Ecuador,BCE/CUENTAS_NACIONALES/VAB_CANTONAL,39841,SIN_ANIO_0907,2026-07-09,311614.14,4817.23,1637425.76,54077.87,53615.39,354009.55,60694.17,12618.55,30346.22,140781.61,89454.95,64681.83,22146.73,12143.56,2848427.56
09,GUAYAS,0908,El Empalme,Banco Central del Ecuador,BCE/CUENTAS_NACIONALES/VAB_CANTONAL,39842,SIN_ANIO_0908,2026-07-09,37567.96,39.05,4430.38,21518.68,18401.36,55145.43,5279.99,1648.04,1950.94,10669.65,38291.96,19350.21,1689.86,1256.21,217239.71999999994
09,GUAYAS,0909,El Triunfo,Banco Central del Ecuador,BCE/CUENTAS_NACIONALES/VAB_CANTONAL,39843,SIN_ANIO_0909,2026-07-09,101879.07,82.62,19553.86,2742.21,5781.8,28470.61,6205.28,1018.43,2559.88,11314.02,22858.58,15180.74,928.75,1359.12,219934.96999999997
09,GUAYAS,0910,Milagro,Banco Central del Ecuador,BCE/CUENTAS_NACIONALES/VAB_CANTONAL,39844,SIN_ANIO_0910,2026-07-09,66256.79,122.19,154970.17,26483.44,33993.71,142772.9,23840.07,7983.47,20773.08,50194.96,67275.23,50000.79,28863.08,8369.85,681899.73
11,LOJA,1104,Celica,Banco Central del Ecuador,BCE/CUENTAS_NACIONALES/VAB_CANTONAL,39869,SIN_ANIO_1104,2026-07-09,7354.43,105.84,82.08,257.59,1803.48,2520.58,956.43,34.03,1855.42,1079.06,10425.61,2319.86,667.77,329.84,29792.020000000004
11,LOJA,1105,Chaguarpamba,Banco Central del Ecuador,BCE/CUENTAS_NACIONALES/VAB_CANTONAL,39870,SIN_ANIO_1105,2026-07-09,3307.23,0.0,249.05,130.95,177.69,990.54,179.52,162.24,316.78,707.92,7422.2,978.59,10.77,233.04,14866.52
11,LOJA,1106,EspÃ­ndola,Banco Central del Ecuador,BCE/CUENTAS_NACIONALES/VAB_CANTONAL,39871,SIN_ANIO_1106,2026-07-09,189.42,70.91,110.28,207.49,354.95,1065.6,116.07,53.38,1438.28,573.27,11632.07,2220.6,461.48,202.62,18696.42
11,LOJA,1107,GonzanamÃ¡,Banco Central del Ecuador,BCE/CUENTAS_NACIONALES/VAB_CANTONAL,39872,SIN_ANIO_1107,2026-07-09,1746.53,0.0,1167.2,329.36,1701.79,869.67,345.51,16.49,731.87,942.76,14438.87,1744.67,72.47,88.28,24195.47
11,LOJA,1108,MacarÃ¡,Banco Central del Ecuador,BCE/CUENTAS_NACIONALES/VAB_CANTONAL,39873,SIN_ANIO_1108,2026-07-09,1349.77,506.73,2619.26,643.01,2337.56,7938.04,958.6,330.42,2089.57,2752.25,12734.65,3038.85,1562.36,881.18,39742.25
11,LOJA,1109,Paltas,Banco Central del Ecuador,BCE/CUENTAS_NACIONALES/VAB_CANTONAL,39874,SIN_ANIO_1109,2026-07-09,3485.55,213.68,477.6,464.64,2535.83,5391.68,417.31,175.21,2696.35,2593.38,14889.65,3670.03,1350.81,526.41,38888.13
11,LOJA,1110,Puyango,Banco Central del Ecuador,BCE/CUENTAS_NACIONALES/VAB_CANTONAL,39875,SIN_ANIO_1110,2026-07-09,10322.55,0.0,1587.36,318.9,1971.32,6638.98,1199.16,93.58,2427.56,1101.84,11376.59,2440.75,434.78,656.93,40570.3
11,LOJA,1111,Saraguro,Banco Central del Ecuador,BCE/CUENTAS_NACIONALES/VAB_CANTONAL,39876,SIN_ANIO_1111,2026-07-09,4517.99,8.8,255.85,519.93,3348.06,4853.82,1561.81,165.75,2953.07,2675.97,19711.52,4930.49,787.33,903.98,47194.37000000001
12,LOS RÃOS,1212,Mocache,Banco Central del Ecuador,BCE/CUENTAS_NACIONALES/VAB_CANTONAL,39893,SIN_ANIO_1212,2026-07-09,167519.81,0.0,2087.52,1275.86,1600.89,14602.52,840.95,186.56,966.48,2354.82,17800.4,23638.5,316.08,1342.54,234532.93
12,LOS RÃOS,1213,Quinsaloma,Banco Central del Ecuador,BCE/CUENTAS_NACIONALES/VAB_CANTONAL,39894,SIN_ANIO_1213,2026-07-09,121542.5,0.0,666.32,544.33,7574.72,13416.85,971.58,149.71,232.44,1038.77,8887.26,3824.14,421.32,139.2,159409.14
08,ESMERALDAS,0802,Eloy Alfaro,Banco Central del Ecuador,BCE/CUENTAS_NACIONALES/VAB_CANTONAL,39829,SIN_ANIO_0802,2026-07-09,22519.25,0.0,61.6,660.07,3108.47,8391.05,191.65,202.16,1042.78,1101.2,21130.94,12891.73,2778.34,2534.78,76614.01999999999
08,ESMERALDAS,0803,Muisne,Banco Central del Ecuador,BCE/CUENTAS_NACIONALES/VAB_CANTONAL,39830,SIN_ANIO_0803,2026-07-09,14385.67,0.0,702.35,836.34,1693.92,3788.45,68.87,407.18,1836.68,8818.22,14721.4,8509.02,1378.83,179.42,57326.350000000006
08,ESMERALDAS,0804,QuinindÃ©,Banco Central del Ecuador,BCE/CUENTAS_NACIONALES/VAB_CANTONAL,39831,SIN_ANIO_0804,2026-07-09,158049.61,540.82,21148.03,5245.21,10632.44,64473.09,4756.19,1237.07,4485.69,8424.68,46299.48,32465.8,6260.52,4036.54,368055.1699999999
08,ESMERALDAS,0805,San Lorenzo,Banco Central del Ecuador,BCE/CUENTAS_NACIONALES/VAB_CANTONAL,39832,SIN_ANIO_0805,2026-07-09,88018.55,32.8,8245.74,1615.85,7504.49,11615.63,864.34,674.81,2359.64,1685.25,21896.91,13640.68,3490.99,3341.0,164986.68
21,SUCUMBÃOS,2105,SucumbÃ­os,Banco Central del Ecuador,BCE/CUENTAS_NACIONALES/VAB_CANTONAL,39971,SIN_ANIO_2105,2026-07-09,33.81,0.0,2.25,434.52,35.58,363.06,152.88,48.4,155.92,235.34,10307.07,681.32,26.67,30.42,12507.24
21,SUCUMBÃOS,2106,Cascales,Banco Central del Ecuador,BCE/CUENTAS_NACIONALES/VAB_CANTONAL,39972,SIN_ANIO_2106,2026-07-09,3442.31,256.83,128.73,325.82,826.81,1466.88,475.63,356.55,138.17,926.62,19142.36,3548.3,313.07,472.79,31820.87
13,MANABÃ,1321,JaramijÃ³,Banco Central del Ecuador,BCE/CUENTAS_NACIONALES/VAB_CANTONAL,39915,SIN_ANIO_1321,2026-07-09,38601.01,0.0,187525.95,11322.54,1154.57,16429.96,6931.14,439.01,699.41,3781.1,14351.36,5662.18,232.59,148.04,287278.86
13,MANABÃ,1322,San Vicente,Banco Central del Ecuador,BCE/CUENTAS_NACIONALES/VAB_CANTONAL,39916,SIN_ANIO_1322,2026-07-09,8343.7,0.0,1119.03,846.31,2086.05,6391.2,420.18,757.35,742.24,1144.64,10683.93,4561.72,333.36,404.61,37834.32
14,MORONA SANTIAGO,1409,Taisha,Banco Central del Ecuador,BCE/CUENTAS_NACIONALES/VAB_CANTONAL,39925,SIN_ANIO_1409,2026-07-09,8574.03,0.0,7.74,159.65,254.46,709.55,99.52,93.13,160.24,610.93,18045.52,8942.77,1589.73,442.68,39689.95
14,MORONA SANTIAGO,1410,LogroÃ±o,Banco Central del Ecuador,BCE/CUENTAS_NACIONALES/VAB_CANTONAL,39926,SIN_ANIO_1410,2026-07-09,383.53,0.0,12.07,82.06,104.65,452.9,125.1,48.02,275.88,1251.27,11527.06,2133.46,4.1,67.75,16467.85
14,MORONA SANTIAGO,1411,Pablo VI,Banco Central del Ecuador,BCE/CUENTAS_NACIONALES/VAB_CANTONAL,39927,SIN_ANIO_1411,2026-07-09,85.28,0.0,8.98,43.96,199.62,318.87,51.05,30.09,75.27,710.18,6971.48,651.45,4.5,2.46,9153.189999999999
14,MORONA SANTIAGO,1412,Tiwintza,Banco Central del Ecuador,BCE/CUENTAS_NACIONALES/VAB_CANTONAL,39928,SIN_ANIO_1412,2026-07-09,1679.23,0.0,22.53,104.3,1091.46,514.04,35.21,72.44,92.95,334.54,10941.77,3015.53,313.33,63.45,18280.780000000002
15,NAPO,1501,Tena,Banco Central del Ecuador,BCE/CUENTAS_NACIONALES/VAB_CANTONAL,39929,SIN_ANIO_1501,2026-07-09,24422.84,61602.02,2614.03,8380.03,12856.45,21632.73,5568.08,3716.87,8557.42,15326.36,56467.58,28536.57,14343.55,2549.88,266574.41000000003
15,NAPO,1503,Archidona,Banco Central del Ecuador,BCE/CUENTAS_NACIONALES/VAB_CANTONAL,39930,SIN_ANIO_1503,2026-07-09,748.42,314.13,487.08,695.92,3222.49,3485.4,698.46,379.7,676.09,2427.09,25041.84,8819.68,982.74,522.0,48501.03999999999
15,NAPO,1504,El Chaco,Banco Central del Ecuador,BCE/CUENTAS_NACIONALES/VAB_CANTONAL,39931,SIN_ANIO_1504,2026-07-09,155.08,0.0,597.99,104129.1,924.97,2626.28,2201.86,248.67,749.42,3036.71,14778.04,1889.0,115.32,255.25,131707.69000000003
15,NAPO,1507,Quijos,Banco Central del Ecuador,BCE/CUENTAS_NACIONALES/VAB_CANTONAL,39932,SIN_ANIO_1507,2026-07-09,1145.48,0.53,858.18,2929.1,783.42,2303.77,627.2,425.9,464.34,2112.12,15066.23,1587.93,953.17,3269.38,32526.75
13,MANABÃ,1307,JunÃ­n,Banco Central del Ecuador,BCE/CUENTAS_NACIONALES/VAB_CANTONAL,39901,SIN_ANIO_1307,2026-07-09,13009.19,0.0,1075.92,624.44,426.68,8975.67,674.19,81.76,597.66,2460.59,9234.5,4158.64,318.04,868.86,42506.14
13,MANABÃ,1308,Manta,Banco Central del Ecuador,BCE/CUENTAS_NACIONALES/VAB_CANTONAL,39902,SIN_ANIO_1308,2026-07-09,310302.79,180.94,192211.86,37263.42,139842.61,394071.69,98403.04,42555.5,68056.87,186669.4,182836.16,70591.84,100310.87,43766.23,1867063.2200000002
13,MANABÃ,1309,Montecristi,Banco Central del Ecuador,BCE/CUENTAS_NACIONALES/VAB_CANTONAL,39903,SIN_ANIO_1309,2026-07-09,14529.26,6136.99,435422.45,9820.18,20106.98,84895.82,31129.12,2817.92,3459.58,15500.07,19037.59,18244.22,1774.01,3302.21,666176.3999999998
13,MANABÃ,1310,PajÃ¡n,Banco Central del Ecuador,BCE/CUENTAS_NACIONALES/VAB_CANTONAL,39904,SIN_ANIO_1310,2026-07-09,14695.09,0.0,478.68,747.14,4259.66,10135.72,381.11,341.04,825.19,1673.0,19517.43,8483.32,1241.16,354.84,63133.380000000005
13,MANABÃ,1311,Pichincha,Banco Central del Ecuador,BCE/CUENTAS_NACIONALES/VAB_CANTONAL,39905,SIN_ANIO_1311,2026-07-09,19348.67,0.0,673.25,508.79,3144.1,16706.32,477.73,96.96,1158.41,1480.27,13034.78,7500.3,650.93,384.09,65164.6
13,MANABÃ,1312,Rocafuerte,Banco Central del Ecuador,BCE/CUENTAS_NACIONALES/VAB_CANTONAL,39906,SIN_ANIO_1312,2026-07-09,11447.89,0.0,1097.29,2662.39,3931.25,8053.92,1166.65,390.64,342.68,3012.75,14830.94,8446.79,2416.46,617.16,58416.810000000005
13,MANABÃ,1313,Santa Ana,Banco Central del Ecuador,BCE/CUENTAS_NACIONALES/VAB_CANTONAL,39907,SIN_ANIO_1313,2026-07-09,13340.93,0.7,876.88,1927.65,7879.69,11359.27,1853.51,312.93,1391.34,2819.29,19428.61,14364.78,1094.92,512.54,77163.04
13,MANABÃ,1314,Sucre,Banco Central del Ecuador,BCE/CUENTAS_NACIONALES/VAB_CANTONAL,39908,SIN_ANIO_1314,2026-07-09,37770.05,649.56,34970.69,3232.96,8875.7,13726.4,3080.35,1611.54,3350.84,6435.13,25977.2,14489.69,7918.65,1385.98,163474.74000000002
17,PICHINCHA,1704,Pedro Moncayo,Banco Central del Ecuador,BCE/CUENTAS_NACIONALES/VAB_CANTONAL,39941,SIN_ANIO_1704,2026-07-09,202377.94,41.06,16310.99,4260.53,10352.19,51210.86,5908.93,2747.67,2552.97,7704.22,23867.65,8036.61,1207.32,1914.03,338492.97
17,PICHINCHA,1705,RumiÃ±ahui,Banco Central del Ecuador,BCE/CUENTAS_NACIONALES/VAB_CANTONAL,39942,SIN_ANIO_1705,2026-07-09,12371.76,491.79,354245.82,14640.56,41373.46,240872.55,31795.97,22972.2,24940.67,250990.68,66804.79,86444.77,38481.54,24065.13,1210491.69
14,MORONA SANTIAGO,1401,Morona,Banco Central del Ecuador,BCE/CUENTAS_NACIONALES/VAB_CANTONAL,39917,SIN_ANIO_1401,2026-07-09,5787.13,0.71,1850.53,12107.14,17930.1,18633.99,6092.56,1419.11,6801.68,12995.15,53175.88,23581.14,7035.98,4932.1,172343.2
14,MORONA SANTIAGO,1402,Gualaquiza,Banco Central del Ecuador,BCE/CUENTAS_NACIONALES/VAB_CANTONAL,39918,SIN_ANIO_1402,2026-07-09,4989.88,75.32,671.87,531.18,5910.08,5744.54,2074.98,368.3,3984.66,5318.53,22002.62,5408.14,1407.42,395.72,58883.23999999999
17,PICHINCHA,1707,San Miguel De Los Bancos,Banco Central del Ecuador,BCE/CUENTAS_NACIONALES/VAB_CANTONAL,39943,SIN_ANIO_1707,2026-07-09,684.91,0.0,966.54,855.03,3087.28,8103.78,1003.24,2995.32,1428.89,1786.59,14125.94,3031.25,116.25,320.07,38505.090000000004
17,PICHINCHA,1708,Pedro Vicente Maldonado,Banco Central del Ecuador,BCE/CUENTAS_NACIONALES/VAB_CANTONAL,39944,SIN_ANIO_1708,2026-07-09,5835.17,0.0,390.61,726.78,4328.76,11494.57,1249.62,504.21,2804.02,2382.18,9773.31,3491.11,1321.94,435.88,44738.159999999996
17,PICHINCHA,1709,Puerto Quito,Banco Central del Ecuador,BCE/CUENTAS_NACIONALES/VAB_CANTONAL,39945,SIN_ANIO_1709,2026-07-09,15334.55,0.0,6603.17,1185.72,1671.07,6723.23,1024.98,419.91,1438.75,1143.76,11193.99,5161.91,23.12,223.47,52147.63000000001
18,TUNGURAHUA,1801,Ambato,Banco Central del Ecuador,BCE/CUENTAS_NACIONALES/VAB_CANTONAL,39946,SIN_ANIO_1801,2026-07-09,163374.62,650.34,264926.31,23160.58,150692.72,451568.96,68409.26,26925.0,199539.96,217956.09,214678.55,195853.57,77563.01,50025.19,2105324.16
14,MORONA SANTIAGO,1403,LimÃ³n-Indanza,Banco Central del Ecuador,BCE/CUENTAS_NACIONALES/VAB_CANTONAL,39919,SIN_ANIO_1403,2026-07-09,78.98,2899.08,101.48,228.4,1523.63,1714.02,1068.43,124.46,1213.96,1712.55,15923.99,2657.31,136.75,378.79,29761.83
14,MORONA SANTIAGO,1404,Palora,Banco Central del Ecuador,BCE/CUENTAS_NACIONALES/VAB_CANTONAL,39920,SIN_ANIO_1404,2026-07-09,28685.13,27.47,175.26,277.71,1487.52,7455.28,444.63,183.0,1125.02,1476.2,12270.73,2689.01,461.13,132.56,56890.649999999994
14,MORONA SANTIAGO,1405,Santiago,Banco Central del Ecuador,BCE/CUENTAS_NACIONALES/VAB_CANTONAL,39921,SIN_ANIO_1405,2026-07-09,1033.47,959.02,830.04,6697.78,1581.54,1790.1,1102.82,147.81,2036.72,1304.2,15240.34,2747.41,1227.37,116.32,36814.94
14,MORONA SANTIAGO,1406,SucÃºa,Banco Central del Ecuador,BCE/CUENTAS_NACIONALES/VAB_CANTONAL,39922,SIN_ANIO_1406,2026-07-09,2050.07,17.22,469.35,628.97,5704.48,6929.47,2605.2,651.95,3043.33,5185.64,23608.77,6190.36,2914.92,605.66,60605.39
18,TUNGURAHUA,1802,BaÃ±os,Banco Central del Ecuador,BCE/CUENTAS_NACIONALES/VAB_CANTONAL,39947,SIN_ANIO_1802,2026-07-09,17758.02,32.37,39100.79,37445.15,4595.94,8245.72,6504.08,8178.32,4152.87,5992.24,25096.79,4038.12,1662.04,1927.35,164729.80000000002
18,TUNGURAHUA,1803,Cevallos,Banco Central del Ecuador,BCE/CUENTAS_NACIONALES/VAB_CANTONAL,39948,SIN_ANIO_1803,2026-07-09,3075.01,0.0,2593.43,375.88,989.37,7316.88,2246.62,259.92,1996.63,1574.69,5208.69,2228.32,457.77,437.95,28761.159999999996
21,SUCUMBÃOS,2107,Cuyabeno,Banco Central del Ecuador,BCE/CUENTAS_NACIONALES/VAB_CANTONAL,39973,SIN_ANIO_2107,2026-07-09,733.64,270405.66,50.85,7933.35,516.13,973.98,1851.97,923.19,181.02,5646.97,18585.6,2650.02,26.57,146.22,310625.16999999987
22,ORELLANA,2201,Orellana,Banco Central del Ecuador,BCE/CUENTAS_NACIONALES/VAB_CANTONAL,39974,SIN_ANIO_2201,2026-07-09,31948.19,2655236.24,24724.01,27519.4,19359.6,87924.89,52429.9,30069.64,6936.04,62974.85,77361.06,28238.58,12312.84,6608.58,3123643.8200000003
22,ORELLANA,2202,Aguarico,Banco Central del Ecuador,BCE/CUENTAS_NACIONALES/VAB_CANTONAL,39975,SIN_ANIO_2202,2026-07-09,486.0,886267.31,8.05,15636.08,11.91,242.07,953.01,760.52,42.73,682.82,16703.3,1837.7,210.26,699.91,924541.67
22,ORELLANA,2203,La Joya De Los Sachas,Banco Central del Ecuador,BCE/CUENTAS_NACIONALES/VAB_CANTONAL,39976,SIN_ANIO_2203,2026-07-09,20143.17,1092620.42,2821.31,18083.92,10862.27,16489.45,33672.46,8499.83,4863.09,12127.2,44138.79,13700.68,1540.34,1710.53,1281273.46
22,ORELLANA,2204,Loreto,Banco Central del Ecuador,BCE/CUENTAS_NACIONALES/VAB_CANTONAL,39977,SIN_ANIO_2204,2026-07-09,2924.41,27.72,889.68,580.06,2082.78,4980.8,1154.6,1570.23,745.95,1714.93,25485.08,7457.87,106.62,380.12,50100.85000000001
23,SANTO DOMINGO DE LOS TSÃCHILAS,2301,Santo Domingo,Banco Central del Ecuador,BCE/CUENTAS_NACIONALES/VAB_CANTONAL,39978,SIN_ANIO_2301,2026-07-09,290677.74,4925.05,181008.22,28603.86,129232.51,506659.74,88185.48,22904.4,46342.64,154609.22,134657.63,127753.6,69513.06,36295.07,1821368.22
14,MORONA SANTIAGO,1407,Huamboya,Banco Central del Ecuador,BCE/CUENTAS_NACIONALES/VAB_CANTONAL,39923,SIN_ANIO_1407,2026-07-09,876.95,0.0,34.08,135.04,1754.64,349.26,30.04,40.76,218.4,278.08,11327.62,3212.87,1.23,39.08,18298.050000000003
14,MORONA SANTIAGO,1408,San Juan Bosco,Banco Central del Ecuador,BCE/CUENTAS_NACIONALES/VAB_CANTONAL,39924,SIN_ANIO_1408,2026-07-09,3.14,164.44,16.75,74.05,292.93,509.68,330.09,43.86,563.38,392.0,10095.73,1135.68,5.78,28.0,13655.51
23,SANTO DOMINGO DE LOS TSÃCHILAS,2302,La Concordia,Banco Central del Ecuador,BCE/CUENTAS_NACIONALES/VAB_CANTONAL,39979,SIN_ANIO_2302,2026-07-09,89732.02,17.1,14741.68,2383.34,9946.26,21022.16,5888.88,1285.64,3670.93,8392.79,15722.84,17397.65,493.4,1441.65,192136.34
24,SANTA ELENA,2401,Santa Elena,Banco Central del Ecuador,BCE/CUENTAS_NACIONALES/VAB_CANTONAL,39980,SIN_ANIO_2401,2026-07-09,37348.98,27551.23,42729.84,15896.61,25447.3,49705.43,11290.79,7123.29,4501.6,39421.64,112473.56,41809.98,12568.72,5873.88,433742.85
15,NAPO,1509,Carlos Julio Arosemena Tola,Banco Central del Ecuador,BCE/CUENTAS_NACIONALES/VAB_CANTONAL,39933,SIN_ANIO_1509,2026-07-09,2087.66,21.72,140.41,96.65,254.41,350.27,97.32,28.14,152.77,135.34,11070.98,902.05,3.64,45.6,15386.959999999997
16,PASTAZA,1601,Pastaza,Banco Central del Ecuador,BCE/CUENTAS_NACIONALES/VAB_CANTONAL,39934,SIN_ANIO_1601,2026-07-09,9992.47,668388.99,7105.58,5908.34,27713.41,39421.27,9252.69,2541.08,19461.1,19273.14,63375.81,36878.36,18178.44,6221.4,933712.0799999998
16,PASTAZA,1602,Mera,Banco Central del Ecuador,BCE/CUENTAS_NACIONALES/VAB_CANTONAL,39935,SIN_ANIO_1602,2026-07-09,909.64,8.77,229.06,475.63,556.85,2404.01,4769.14,97.47,927.28,2068.67,15271.02,2759.57,646.74,523.02,31646.870000000003
16,PASTAZA,1603,Santa Clara,Banco Central del Ecuador,BCE/CUENTAS_NACIONALES/VAB_CANTONAL,39936,SIN_ANIO_1603,2026-07-09,455.17,10.54,6.58,130.52,120.51,524.08,520.56,37.97,167.55,655.82,8935.65,1053.51,2.41,38.84,12659.710000000001
16,PASTAZA,1604,Arajuno,Banco Central del Ecuador,BCE/CUENTAS_NACIONALES/VAB_CANTONAL,39937,SIN_ANIO_1604,2026-07-09,4025.74,0.0,13.72,435.46,268.71,143.79,11.3,4.77,138.04,531.69,19663.2,2900.14,260.92,26.07,28423.549999999996
17,PICHINCHA,1701,Quito,Banco Central del Ecuador,BCE/CUENTAS_NACIONALES/VAB_CANTONAL,39938,SIN_ANIO_1701,2026-07-09,389845.93,26791.66,3074197.67,291659.05,1474250.81,5020200.12,2992007.27,502345.44,2277593.59,6208143.3,1780453.92,742103.73,1514470.68,846492.7,27140555.869999997
17,PICHINCHA,1702,Cayambe,Banco Central del Ecuador,BCE/CUENTAS_NACIONALES/VAB_CANTONAL,39939,SIN_ANIO_1702,2026-07-09,236048.9,0.0,111999.06,6622.96,20856.8,65951.43,21151.28,8014.02,26310.33,33574.18,45383.86,22901.74,6415.18,4557.73,609787.47
17,PICHINCHA,1703,MejÃ­a,Banco Central del Ecuador,BCE/CUENTAS_NACIONALES/VAB_CANTONAL,39940,SIN_ANIO_1703,2026-07-09,40497.54,0.0,333288.14,9309.76,13543.77,61014.9,39688.41,13826.95,12193.24,13773.42,47568.27,19812.38,2823.56,3759.51,611099.8500000001
20,GALÃPAGOS,2002,Isabela,Banco Central del Ecuador,BCE/CUENTAS_NACIONALES/VAB_CANTONAL,39965,SIN_ANIO_2002,2026-07-09,2687.87,0.0,134.31,422.29,949.21,1212.05,1310.15,3704.88,229.19,4255.55,10102.15,592.77,25.11,462.94,26088.47
20,GALÃPAGOS,2003,Santa Cruz,Banco Central del Ecuador,BCE/CUENTAS_NACIONALES/VAB_CANTONAL,39966,SIN_ANIO_2003,2026-07-09,8161.93,0.0,3115.54,2610.75,10431.9,17287.58,42950.01,12990.81,1563.11,54989.94,26133.17,3569.54,2934.62,2016.04,188754.94
13,MANABÃ,1315,Tosagua,Banco Central del Ecuador,BCE/CUENTAS_NACIONALES/VAB_CANTONAL,39909,SIN_ANIO_1315,2026-07-09,26553.27,0.0,1233.48,2463.79,6027.85,18639.5,2281.09,394.79,1789.56,5857.72,17684.53,8347.72,226.08,578.3,92077.68
13,MANABÃ,1316,24 De Mayo,Banco Central del Ecuador,BCE/CUENTAS_NACIONALES/VAB_CANTONAL,39910,SIN_ANIO_1316,2026-07-09,2879.55,0.0,219.59,457.9,1041.69,3939.84,438.44,81.84,1123.83,1357.71,13509.88,5735.15,121.43,178.68,31085.53
21,SUCUMBÃOS,2101,Lago Agrio,Banco Central del Ecuador,BCE/CUENTAS_NACIONALES/VAB_CANTONAL,39967,SIN_ANIO_2101,2026-07-09,14768.4,509175.84,96530.9,9095.48,47542.39,76533.59,22062.16,14248.56,9153.96,41348.03,94557.81,32309.03,16684.17,5919.0,989929.3200000002
21,SUCUMBÃOS,2102,Gonzalo Pizarro,Banco Central del Ecuador,BCE/CUENTAS_NACIONALES/VAB_CANTONAL,39968,SIN_ANIO_2102,2026-07-09,661.85,71.29,52.22,7173.17,1441.59,1603.58,2240.76,524.39,323.1,888.33,15227.04,3003.89,0.15,79.72,33291.08
21,SUCUMBÃOS,2103,Putumayo,Banco Central del Ecuador,BCE/CUENTAS_NACIONALES/VAB_CANTONAL,39969,SIN_ANIO_2103,2026-07-09,649.87,229101.38,20.67,653.25,520.9,800.26,2844.71,1213.57,344.41,1897.06,18620.35,2419.44,118.29,78.95,259283.11000000004
21,SUCUMBÃOS,2104,Shushufindi,Banco Central del Ecuador,BCE/CUENTAS_NACIONALES/VAB_CANTONAL,39970,SIN_ANIO_2104,2026-07-09,60398.28,1533536.05,1580.58,27291.94,10758.96,11919.91,24094.61,8995.68,2294.33,12312.79,46256.85,13998.03,3111.29,1309.58,1757858.8800000004
13,MANABÃ,1317,Pedernales,Banco Central del Ecuador,BCE/CUENTAS_NACIONALES/VAB_CANTONAL,39911,SIN_ANIO_1317,2026-07-09,36588.17,0.07,40886.22,3751.9,10383.04,41738.7,3753.16,2868.15,2432.31,8691.29,24200.05,22705.31,718.86,1461.49,200178.71999999994
13,MANABÃ,1318,Olmedo,Banco Central del Ecuador,BCE/CUENTAS_NACIONALES/VAB_CANTONAL,39912,SIN_ANIO_1318,2026-07-09,1621.71,0.0,149.95,171.06,859.88,1976.05,753.78,49.08,154.41,806.52,4976.04,1922.5,19.42,24.56,13484.96
13,MANABÃ,1319,Puerto LÃ³pez,Banco Central del Ecuador,BCE/CUENTAS_NACIONALES/VAB_CANTONAL,39913,SIN_ANIO_1319,2026-07-09,749.32,0.0,2227.23,1040.29,2718.79,11015.02,781.11,962.6,225.35,2010.54,12007.21,5629.63,174.8,525.96,40067.85
13,MANABÃ,1320,Jama,Banco Central del Ecuador,BCE/CUENTAS_NACIONALES/VAB_CANTONAL,39914,SIN_ANIO_1320,2026-07-09,4051.33,0.0,181.82,776.51,669.94,4437.45,251.96,552.63,543.84,3355.8,12272.82,3770.59,99.47,291.89,31256.05
06,CHIMBORAZO,0602,AlausÃ­,Banco Central del Ecuador,BCE/CUENTAS_NACIONALES/VAB_CANTONAL,39805,SIN_ANIO_0602,2026-07-09,12688.56,22.61,236.04,486.36,870.43,3842.15,1027.37,317.54,3373.5,2712.22,17523.13,8584.77,2025.0,859.65,54569.33000000001
06,CHIMBORAZO,0603,Colta,Banco Central del Ecuador,BCE/CUENTAS_NACIONALES/VAB_CANTONAL,39806,SIN_ANIO_0603,2026-07-09,19011.59,36.34,10328.4,419.74,385.39,2386.45,257.55,138.47,1206.96,740.53,13749.31,5075.03,156.13,1596.22,55488.11
06,CHIMBORAZO,0604,Chambo,Banco Central del Ecuador,BCE/CUENTAS_NACIONALES/VAB_CANTONAL,39807,SIN_ANIO_0604,2026-07-09,11035.12,21.7,420.57,324.13,764.74,4110.95,1957.24,102.43,1268.52,3569.73,5094.05,1686.52,226.41,155.14,30737.25
01,AZUAY,0111,Chordeleg,Banco Central del Ecuador,BCE/CUENTAS_NACIONALES/VAB_CANTONAL,39772,SIN_ANIO_0111,2026-07-09,330.76,0.0,2027.96,292.32,709.44,2562.38,177.89,87.87,2092.8,839.77,5761.47,2615.55,231.91,132.23,17862.350000000002
06,CHIMBORAZO,0605,Chunchi,Banco Central del Ecuador,BCE/CUENTAS_NACIONALES/VAB_CANTONAL,39808,SIN_ANIO_0605,2026-07-09,3035.97,0.0,107.1,196.33,1151.57,1675.34,357.66,53.62,1849.47,633.13,6924.19,2515.45,375.4,98.2,18973.43
06,CHIMBORAZO,0606,Guamote,Banco Central del Ecuador,BCE/CUENTAS_NACIONALES/VAB_CANTONAL,39809,SIN_ANIO_0606,2026-07-09,13330.96,1.53,165.04,364.96,4775.07,3380.22,398.57,133.57,1188.03,713.24,14974.4,9005.92,1193.84,419.29,50044.63999999999
06,CHIMBORAZO,0607,Guano,Banco Central del Ecuador,BCE/CUENTAS_NACIONALES/VAB_CANTONAL,39810,SIN_ANIO_0607,2026-07-09,27964.22,433.18,4002.64,1165.93,1124.6,12567.3,2360.78,698.35,2677.79,4518.87,15012.48,4944.44,565.72,672.56,78708.86
06,CHIMBORAZO,0608,Pallatanga,Banco Central del Ecuador,BCE/CUENTAS_NACIONALES/VAB_CANTONAL,39811,SIN_ANIO_0608,2026-07-09,18371.23,0.0,691.21,234.17,1930.75,2591.74,875.61,281.41,1113.49,677.12,4826.43,2870.48,104.7,133.43,34701.77
06,CHIMBORAZO,0609,Penipe,Banco Central del Ecuador,BCE/CUENTAS_NACIONALES/VAB_CANTONAL,39812,SIN_ANIO_0609,2026-07-09,6072.28,67.62,105.26,119.34,345.71,1503.28,128.03,31.68,388.79,1159.66,12491.45,1013.26,96.8,1039.81,24562.97
02,BOLÃVAR,0205,San Miguel,Banco Central del Ecuador,BCE/CUENTAS_NACIONALES/VAB_CANTONAL,39781,SIN_ANIO_0205,2026-07-09,42160.15,207.17,346.47,560.45,2531.76,3322.62,488.13,83.62,6799.75,2083.06,5042.9,5274.79,2088.13,454.4,71443.4
02,BOLÃVAR,0206,Caluma,Banco Central del Ecuador,BCE/CUENTAS_NACIONALES/VAB_CANTONAL,39782,SIN_ANIO_0206,2026-07-09,12579.99,0.0,516.97,373.99,5959.07,8192.25,3044.25,171.87,955.51,1578.34,2832.29,4126.32,522.18,1080.3,41933.329999999994
02,BOLÃVAR,0207,Las Naves,Banco Central del Ecuador,BCE/CUENTAS_NACIONALES/VAB_CANTONAL,39783,SIN_ANIO_0207,2026-07-09,53576.63,830.53,30.01,184.97,939.67,2159.67,164.89,42.54,350.46,538.52,1727.59,1492.56,4.21,115.16,62157.40999999999
03,CAÃ‘AR,0301,Azogues,Banco Central del Ecuador,BCE/CUENTAS_NACIONALES/VAB_CANTONAL,39784,SIN_ANIO_0301,2026-07-09,1473.89,537.99,22154.68,4905.81,21573.57,37606.9,31030.74,1179.59,33669.7,23907.63,22182.63,63962.2,22142.51,6072.96,292400.80000000005
03,CAÃ‘AR,0302,BibliÃ¡n,Banco Central del Ecuador,BCE/CUENTAS_NACIONALES/VAB_CANTONAL,39785,SIN_ANIO_0302,2026-07-09,356.03,131.28,490.09,521.35,3021.7,6212.1,2817.4,89.57,11556.19,3492.69,6566.72,2812.39,457.13,617.75,39142.38999999999
03,CAÃ‘AR,0303,CaÃ±ar,Banco Central del Ecuador,BCE/CUENTAS_NACIONALES/VAB_CANTONAL,39786,SIN_ANIO_0303,2026-07-09,2331.22,21.28,4620.36,6431.4,7957.57,12976.38,16867.03,206.77,16652.07,7418.64,15215.08,14047.35,3050.91,1639.36,109435.42
03,CAÃ‘AR,0304,La Troncal,Banco Central del Ecuador,BCE/CUENTAS_NACIONALES/VAB_CANTONAL,39787,SIN_ANIO_0304,2026-07-09,77118.59,55.49,87494.27,5134.1,16693.37,37229.9,11699.9,811.12,10337.56,9836.87,17331.59,21536.5,5175.7,3280.63,303735.59
03,CAÃ‘AR,0305,El Tambo,Banco Central del Ecuador,BCE/CUENTAS_NACIONALES/VAB_CANTONAL,39788,SIN_ANIO_0305,2026-07-09,186.43,0.0,2055.41,265.3,1743.6,4475.03,5207.99,55.92,2070.78,1121.57,3719.38,1981.69,164.03,297.61,23344.74
05,COTOPAXI,0501,Latacunga,Banco Central del Ecuador,BCE/CUENTAS_NACIONALES/VAB_CANTONAL,39797,SIN_ANIO_0501,2026-07-09,372337.59,1489.23,206785.04,18854.09,50318.06,152321.12,77227.77,7685.68,59167.21,54793.01,62191.83,78530.81,34449.08,13074.94,1189225.4600000002
01,AZUAY,0101,Cuenca,Banco Central del Ecuador,BCE/CUENTAS_NACIONALES/VAB_CANTONAL,39762,SIN_ANIO_0101,2026-07-09,32911.91,33940.91,855846.64,73882.71,319497.11,848587.26,213250.7,88814.09,401331.58,513177.11,195383.36,216953.33,254431.6,91066.62,4139074.93
01,AZUAY,0102,GirÃ³n,Banco Central del Ecuador,BCE/CUENTAS_NACIONALES/VAB_CANTONAL,39763,SIN_ANIO_0102,2026-07-09,1170.07,189.55,230.27,622.4,1760.33,2751.72,949.17,223.18,3720.29,786.84,5219.51,2153.92,485.37,224.88,20487.5
05,COTOPAXI,0502,La ManÃ¡,Banco Central del Ecuador,BCE/CUENTAS_NACIONALES/VAB_CANTONAL,39798,SIN_ANIO_0502,2026-07-09,82469.92,516.36,3583.2,3198.68,11448.57,25023.99,5438.94,1444.33,4794.63,6975.74,11363.47,19403.06,1423.27,1577.07,178661.22999999995
01,AZUAY,0103,Gualaceo,Banco Central del Ecuador,BCE/CUENTAS_NACIONALES/VAB_CANTONAL,39764,SIN_ANIO_0103,2026-07-09,31162.84,534.3,4078.39,1976.41,12708.84,13430.16,3621.9,1240.56,11449.67,5224.74,15036.75,8800.71,3447.9,1155.31,113868.47999999998
01,AZUAY,0112,El Pan,Banco Central del Ecuador,BCE/CUENTAS_NACIONALES/VAB_CANTONAL,39773,SIN_ANIO_0112,2026-07-09,284.9,1.81,11.79,54.16,293.99,134.34,48.16,66.04,155.59,302.83,2193.81,338.28,96.66,23.2,4005.5599999999995
05,COTOPAXI,0503,Pangua,Banco Central del Ecuador,BCE/CUENTAS_NACIONALES/VAB_CANTONAL,39799,SIN_ANIO_0503,2026-07-09,31444.22,0.27,442.16,357.79,1018.9,3939.81,738.7,97.78,2217.03,1865.96,6469.32,4468.31,716.85,79.71,53856.80999999999
05,COTOPAXI,0504,PujilÃ­,Banco Central del Ecuador,BCE/CUENTAS_NACIONALES/VAB_CANTONAL,39800,SIN_ANIO_0504,2026-07-09,31598.7,0.0,2100.33,1359.24,5750.05,8887.31,4885.61,887.97,5247.4,5338.01,19924.8,20450.22,3453.84,1477.2,111360.68
05,COTOPAXI,0505,Salcedo,Banco Central del Ecuador,BCE/CUENTAS_NACIONALES/VAB_CANTONAL,39801,SIN_ANIO_0505,2026-07-09,34869.36,66.31,19384.41,2028.11,15853.43,24069.76,10100.69,1928.81,15535.76,8672.27,13652.81,14078.29,2511.16,2239.14,164990.31
05,COTOPAXI,0506,SaquisilÃ­,Banco Central del Ecuador,BCE/CUENTAS_NACIONALES/VAB_CANTONAL,39802,SIN_ANIO_0506,2026-07-09,10486.42,0.0,613.19,462.04,2667.73,5985.34,3561.31,303.19,2702.75,2691.82,7547.55,5741.36,463.9,781.65,44008.25000000001
01,AZUAY,0113,Sevilla De Oro,Banco Central del Ecuador,BCE/CUENTAS_NACIONALES/VAB_CANTONAL,39774,SIN_ANIO_0113,2026-07-09,118.9,0.0,22.02,140037.17,115.53,240.8,794.48,61.09,444.26,1125.36,3453.95,829.81,80.79,98.95,147423.11000000004
01,AZUAY,0114,Guachapala,Banco Central del Ecuador,BCE/CUENTAS_NACIONALES/VAB_CANTONAL,39775,SIN_ANIO_0114,2026-07-09,1151.97,0.0,19.54,71.67,142.96,185.36,127.58,16.74,615.18,176.01,2099.5,389.36,1.14,48.3,5045.31
01,AZUAY,0115,Camilo Ponce EnrÃ­quez,Banco Central del Ecuador,BCE/CUENTAS_NACIONALES/VAB_CANTONAL,39776,SIN_ANIO_0115,2026-07-09,1494.59,249044.82,7999.33,7485.67,9817.02,9531.42,1552.1,1613.73,1037.9,3979.25,9320.14,6429.86,367.43,2314.77,311988.02999999997
02,BOLÃVAR,0201,Guaranda,Banco Central del Ecuador,BCE/CUENTAS_NACIONALES/VAB_CANTONAL,39777,SIN_ANIO_0201,2026-07-09,48855.98,12.35,4168.69,2564.2,14855.94,20212.69,9566.39,536.08,20294.54,10748.51,17442.16,47435.04,12713.85,6902.7,216309.12000000005
05,COTOPAXI,0507,Sigchos,Banco Central del Ecuador,BCE/CUENTAS_NACIONALES/VAB_CANTONAL,39803,SIN_ANIO_0507,2026-07-09,3456.24,162.67,114.86,2227.83,408.4,2321.57,1102.23,38.3,1423.77,1727.56,6405.68,4027.72,344.55,429.48,24190.86
06,CHIMBORAZO,0601,Riobamba,Banco Central del Ecuador,BCE/CUENTAS_NACIONALES/VAB_CANTONAL,39804,SIN_ANIO_0601,2026-07-09,67848.71,1743.71,98484.64,15493.88,80478.77,175316.48,41359.25,9085.6,91444.86,83526.78,71550.49,130770.54,73765.93,23675.86,964545.5000000001
02,BOLÃVAR,0202,Chillanes,Banco Central del Ecuador,BCE/CUENTAS_NACIONALES/VAB_CANTONAL,39778,SIN_ANIO_0202,2026-07-09,31332.18,10.05,161.29,925.99,2746.48,3559.75,307.45,47.41,1417.19,368.77,1775.88,3964.6,221.94,315.37,47154.350000000006
02,BOLÃVAR,0203,Chimbo,Banco Central del Ecuador,BCE/CUENTAS_NACIONALES/VAB_CANTONAL,39779,SIN_ANIO_0203,2026-07-09,17786.16,0.0,84.41,292.35,3062.59,3187.46,662.43,30.64,4534.79,912.11,3634.61,2459.84,229.45,776.48,37653.32
02,BOLÃVAR,0204,EcheandÃ­a,Banco Central del Ecuador,BCE/CUENTAS_NACIONALES/VAB_CANTONAL,39780,SIN_ANIO_0204,2026-07-09,7437.74,0.0,366.2,328.46,2208.04,2733.58,608.31,19.26,799.47,455.91,2511.54,3886.77,947.38,350.05,22652.71
03,CAÃ‘AR,0306,DÃ©leg,Banco Central del Ecuador,BCE/CUENTAS_NACIONALES/VAB_CANTONAL,39789,SIN_ANIO_0306,2026-07-09,524.67,0.0,94.66,215.4,413.63,460.92,174.27,8.34,380.71,657.91,4052.08,1119.17,120.72,81.24,8303.72
03,CAÃ‘AR,0307,Suscal,Banco Central del Ecuador,BCE/CUENTAS_NACIONALES/VAB_CANTONAL,39790,SIN_ANIO_0307,2026-07-09,32.49,0.0,26.18,80.01,624.75,1496.91,1186.13,14.49,1135.24,201.39,2309.25,866.85,11.77,249.21,8234.67
04,CARCHI,0401,TulcÃ¡n,Banco Central del Ecuador,BCE/CUENTAS_NACIONALES/VAB_CANTONAL,39791,SIN_ANIO_0401,2026-07-09,33615.95,105.26,7809.8,3747.67,18077.33,41043.64,60962.42,1359.82,28511.7,16380.79,27616.78,35556.94,7871.09,7403.22,290062.41000000003
04,CARCHI,0402,BolÃ­var,Banco Central del Ecuador,BCE/CUENTAS_NACIONALES/VAB_CANTONAL,39792,SIN_ANIO_0402,2026-07-09,35034.02,340.31,154.71,368.35,628.05,5314.75,381.09,24.46,2088.73,1380.64,5720.44,2797.01,17.09,104.72,54354.369999999995
04,CARCHI,0403,Espejo,Banco Central del Ecuador,BCE/CUENTAS_NACIONALES/VAB_CANTONAL,39793,SIN_ANIO_0403,2026-07-09,22250.77,0.0,889.53,447.13,700.22,3421.1,1448.26,41.91,1508.92,1303.65,6701.79,2516.52,1629.13,460.6,43319.52999999999
01,AZUAY,0104,NabÃ³n,Banco Central del Ecuador,BCE/CUENTAS_NACIONALES/VAB_CANTONAL,39765,SIN_ANIO_0104,2026-07-09,5179.3,107.62,37.66,248.2,1185.94,1217.58,1207.46,67.75,1434.66,1821.85,7726.41,2364.48,201.47,233.34,23033.72
01,AZUAY,0105,Paute,Banco Central del Ecuador,BCE/CUENTAS_NACIONALES/VAB_CANTONAL,39766,SIN_ANIO_0105,2026-07-09,14980.8,763.38,1749.86,1032.31,3756.98,7161.47,3099.87,1006.73,5898.29,4315.15,11822.81,5139.72,1339.48,571.01,62637.86000000001
01,AZUAY,0106,PucarÃ¡,Banco Central del Ecuador,BCE/CUENTAS_NACIONALES/VAB_CANTONAL,39767,SIN_ANIO_0106,2026-07-09,1770.82,4.91,18.19,16841.0,486.99,751.84,1090.58,198.84,908.99,342.89,4051.85,1638.22,42.13,119.81,28267.060000000005
04,CARCHI,0404,Mira,Banco Central del Ecuador,BCE/CUENTAS_NACIONALES/VAB_CANTONAL,39794,SIN_ANIO_0404,2026-07-09,13961.31,4.04,304.98,502.54,387.11,1684.28,828.76,45.18,1321.44,739.19,5527.94,2615.29,239.92,329.0,28490.979999999996
04,CARCHI,0405,MontÃºfar,Banco Central del Ecuador,BCE/CUENTAS_NACIONALES/VAB_CANTONAL,39795,SIN_ANIO_0405,2026-07-09,53730.87,0.0,5027.37,907.77,5938.26,9784.83,4446.71,253.02,4753.18,2341.93,10020.02,6005.21,2078.48,1425.72,106713.37000000001
04,CARCHI,0406,San Pedro de Huaca,Banco Central del Ecuador,BCE/CUENTAS_NACIONALES/VAB_CANTONAL,39796,SIN_ANIO_0406,2026-07-09,2602.85,0.0,3963.28,169.8,171.53,1511.6,798.89,10.08,3873.06,973.24,2900.62,1573.91,28.59,135.4,18712.85
01,AZUAY,0107,San Fernando,Banco Central del Ecuador,BCE/CUENTAS_NACIONALES/VAB_CANTONAL,39768,SIN_ANIO_0107,2026-07-09,287.15,0.0,110.82,99.64,363.55,291.45,137.91,33.67,791.12,401.78,2611.11,557.12,44.89,101.81,5832.020000000001
01,AZUAY,0108,Santa Isabel,Banco Central del Ecuador,BCE/CUENTAS_NACIONALES/VAB_CANTONAL,39769,SIN_ANIO_0108,2026-07-09,4554.85,6649.65,471.52,851.56,9645.79,4582.38,1900.47,397.4,6112.89,2437.39,7805.74,3359.29,1161.9,240.68,50171.51000000001
01,AZUAY,0109,Sigsig,Banco Central del Ecuador,BCE/CUENTAS_NACIONALES/VAB_CANTONAL,39770,SIN_ANIO_0109,2026-07-09,2098.77,0.0,453.17,536.67,2566.82,4300.36,1228.98,103.89,4894.51,1943.22,9343.72,4600.2,641.04,252.79,32964.14
01,AZUAY,0110,OÃ±a,Banco Central del Ecuador,BCE/CUENTAS_NACIONALES/VAB_CANTONAL,39771,SIN_ANIO_0110,2026-07-09,260.48,0.0,35.75,94.35,363.44,443.5,222.1,112.75,350.41,696.96,2285.22,615.8,580.44,62.51,6123.709999999999
07,EL ORO,0708,MarcabelÃ­,Banco Central del Ecuador,BCE/CUENTAS_NACIONALES/VAB_CANTONAL,39821,SIN_ANIO_0708,2026-07-09,103.39,968.64,252.05,217.97,1560.38,1676.7,122.29,51.01,253.93,585.99,5089.35,1147.39,23.65,139.18,12191.92
07,EL ORO,0709,Pasaje,Banco Central del Ecuador,BCE/CUENTAS_NACIONALES/VAB_CANTONAL,39822,SIN_ANIO_0709,2026-07-09,37410.04,62241.0,12935.07,4146.82,11266.58,52570.93,9315.19,1394.47,7110.93,10249.59,43673.79,19420.31,3720.0,6338.58,281793.30000000005
07,EL ORO,0710,PiÃ±as,Banco Central del Ecuador,BCE/CUENTAS_NACIONALES/VAB_CANTONAL,39823,SIN_ANIO_0710,2026-07-09,1115.29,4466.7,4755.58,1450.86,16667.07,21194.41,6658.54,609.17,5380.47,8411.68,15701.97,5337.7,5870.82,5282.05,102902.31000000001
07,EL ORO,0711,Portovelo,Banco Central del Ecuador,BCE/CUENTAS_NACIONALES/VAB_CANTONAL,39824,SIN_ANIO_0711,2026-07-09,5.7,96505.2,6707.63,4352.26,5404.94,3735.23,2869.67,309.82,828.84,8146.59,10175.56,2480.29,1055.44,158.15,142735.32
07,EL ORO,0712,Santa Rosa,Banco Central del Ecuador,BCE/CUENTAS_NACIONALES/VAB_CANTONAL,39825,SIN_ANIO_0712,2026-07-09,75282.82,24182.21,59564.81,6744.83,14504.1,73491.92,4655.49,2003.77,10511.13,21277.75,33982.52,17196.52,3732.64,6604.85,353735.36
07,EL ORO,0713,Zaruma,Banco Central del Ecuador,BCE/CUENTAS_NACIONALES/VAB_CANTONAL,39826,SIN_ANIO_0713,2026-07-09,658.96,118466.65,751.01,2091.73,6855.71,6207.99,2237.31,553.76,1816.08,3914.34,14575.92,4600.25,1932.31,1048.75,165710.77
07,EL ORO,0714,Las Lajas,Banco Central del Ecuador,BCE/CUENTAS_NACIONALES/VAB_CANTONAL,39827,SIN_ANIO_0714,2026-07-09,542.45,0.0,13.72,115.85,369.67,4315.73,72.64,23.16,1233.59,393.31,5139.45,911.5,15.64,79.87,13226.58
08,ESMERALDAS,0801,Esmeraldas,Banco Central del Ecuador,BCE/CUENTAS_NACIONALES/VAB_CANTONAL,39828,SIN_ANIO_0801,2026-07-09,22855.56,52.65,426471.05,26442.74,21375.86,113521.67,161570.83,4557.19,23526.93,45870.43,61439.52,70668.88,28938.95,23668.24,1030960.5
06,CHIMBORAZO,0610,CumandÃ¡,Banco Central del Ecuador,BCE/CUENTAS_NACIONALES/VAB_CANTONAL,39813,SIN_ANIO_0610,2026-07-09,6927.85,31.28,433.09,637.91,2613.85,3158.89,5241.25,361.39,2352.55,1779.66,3951.44,4075.99,232.68,301.7,32099.529999999995
07,EL ORO,0701,Machala,Banco Central del Ecuador,BCE/CUENTAS_NACIONALES/VAB_CANTONAL,39814,SIN_ANIO_0701,2026-07-09,518302.16,73200.74,199078.96,26008.38,110953.22,597338.75,96908.67,20466.69,108943.26,218753.97,105153.79,75809.75,78834.25,30671.4,2260423.9899999998
07,EL ORO,0702,Arenillas,Banco Central del Ecuador,BCE/CUENTAS_NACIONALES/VAB_CANTONAL,39815,SIN_ANIO_0702,2026-07-09,21610.4,0.01,14789.13,3675.91,2432.47,11214.72,2906.34,2590.34,1839.89,2723.97,18347.79,6551.68,285.81,2802.61,91771.06999999999
07,EL ORO,0703,Atahualpa,Banco Central del Ecuador,BCE/CUENTAS_NACIONALES/VAB_CANTONAL,39816,SIN_ANIO_0703,2026-07-09,215.33,2566.7,82.18,293.83,191.47,714.42,126.96,10.17,2760.49,461.05,5583.12,893.94,14.44,139.23,14053.33
07,EL ORO,0704,Balsas,Banco Central del Ecuador,BCE/CUENTAS_NACIONALES/VAB_CANTONAL,39817,SIN_ANIO_0704,2026-07-09,59.17,36.8,1186.29,328.42,3858.18,9132.65,1123.2,112.22,534.35,1595.27,5574.93,2345.25,73.04,488.31,26448.08
07,EL ORO,0705,Chilla,Banco Central del Ecuador,BCE/CUENTAS_NACIONALES/VAB_CANTONAL,39818,SIN_ANIO_0705,2026-07-09,120.49,2.64,11.94,63.88,20.37,174.1,14.94,1.23,152.31,220.88,4616.56,341.24,0.21,9.93,5750.72
07,EL ORO,0706,El Guabo,Banco Central del Ecuador,BCE/CUENTAS_NACIONALES/VAB_CANTONAL,39819,SIN_ANIO_0706,2026-07-09,207121.99,507.39,10648.14,12510.52,17749.02,34376.24,8319.11,604.8,1668.95,8671.37,24392.82,12422.28,3098.35,3696.66,345787.63999999996
07,EL ORO,0707,Huaquillas,Banco Central del Ecuador,BCE/CUENTAS_NACIONALES/VAB_CANTONAL,39820,SIN_ANIO_0707,2026-07-09,17077.57,201.91,13989.81,2906.07,21722.3,57664.24,8280.14,1667.48,1844.66,6506.69,23259.26,12862.97,2676.9,6694.93,177354.93
